{
  "train": {
    "token_count": 32843516,
    "oov_count": 5057255,
    "oov_ratio": 0.15398031684549243
  },
  "val": {
    "token_count": 2799215,
    "oov_count": 404772,
    "oov_ratio": 0.1446019687662434
  },
  "test": {
    "token_count": 4252360,
    "oov_count": 696593,
    "oov_ratio": 0.16381327074847848
  }
}