{
  "LlamaTokenizerFast": {
    "avg_tokens_per_second": 211187.30155096287,
    "tokens_count": 4515875.0
  },
  "SentencePieceTokenizer": {
    "avg_tokens_per_second": 1296399.9660646173,
    "tokens_count": 3650154.0
  },
  "WhiteSpaceTokenizer": {
    "avg_tokens_per_second": 2698360.1447816803,
    "tokens_count": 2799215.0
  }
}